{"cameraMode":{"drawMode":0,"name":"Shaded","section":"Shading Mode"},"sceneLighting":true,"audioPlay":false,"sceneViewState":{"m_AlwaysRefresh":false,"showFog":true,"showSkybox":true,"showFlares":true,"showImageEffects":true,"showParticleSystems":true,"showVisualEffectGraphs":true,"m_FxEnabled":true},"in2DMode":false,"pivot":{"x":5.846403121948242,"y":1.5581401586532593,"z":-5.666509628295898},"rotation":{"x":0.21568641066551209,"y":-0.26276957988739016,"z":0.060390423983335498,"w":0.9385006427764893},"size":1.092272400856018,"orthographic":false}