{"cameraMode":{"drawMode":0,"name":"Shaded","section":"Shading Mode"},"sceneLighting":true,"audioPlay":false,"sceneViewState":{"m_AlwaysRefresh":false,"showFog":true,"showSkybox":true,"showFlares":true,"showImageEffects":true,"showParticleSystems":true,"showVisualEffectGraphs":true,"m_FxEnabled":true},"in2DMode":false,"pivot":{"x":-0.1400355100631714,"y":-10.379266738891602,"z":-2.216140031814575},"rotation":{"x":0.7341386079788208,"y":-0.0010185097344219685,"z":0.0011011860333383084,"w":0.6789970397949219},"size":10.935317039489746,"orthographic":false}