{"cameraMode":{"drawMode":0,"name":"Shaded","section":"Shading Mode"},"sceneLighting":true,"audioPlay":false,"sceneViewState":{"m_AlwaysRefresh":false,"showFog":true,"showSkybox":true,"showFlares":true,"showImageEffects":true,"showParticleSystems":true,"showVisualEffectGraphs":true,"m_FxEnabled":true},"in2DMode":false,"pivot":{"x":2.9024038314819338,"y":11.101860046386719,"z":-7.509213924407959},"rotation":{"x":0.22155241668224336,"y":-0.16668307781219483,"z":0.03845612704753876,"w":0.960023820400238},"size":0.00035510340239852667,"orthographic":false}